swapNs,durationNs,display,surfaceId,label
67041709416,16646417,Display 1,565,"Direct to Display (Surface  565 ,  iospbrorbit (3242) :Frame  13 :Surface  565 )"
67058355833,16642750,Display 1,568,"Direct to Display (Surface  568 ,  iospbrorbit (3242) :Frame  14 :Surface  568 )"
67074998583,16652417,Display 1,564,"Direct to Display (Surface  564 ,  iospbrorbit (3242) :Frame  15 :Surface  564 )"
67091651000,16640791,Display 1,565,"Direct to Display (Surface  565 ,  iospbrorbit (3242) :Frame  16 :Surface  565 )"
67108291791,16655625,Display 1,568,"Direct to Display (Surface  568 ,  iospbrorbit (3242) :Frame  17 :Surface  568 )"
67124947416,16636750,Display 1,564,"Direct to Display (Surface  564 ,  iospbrorbit (3242) :Frame  18 :Surface  564 )"
67141584166,16649250,Display 1,565,"Direct to Display (Surface  565 ,  iospbrorbit (3242) :Frame  19 :Surface  565 )"
67158233416,16648167,Display 1,568,"Direct to Display (Surface  568 ,  iospbrorbit (3242) :Frame  20 :Surface  568 )"
67174881583,16650333,Display 1,564,"Direct to Display (Surface  564 ,  iospbrorbit (3242) :Frame  21 :Surface  564 )"
67191531916,16646042,Display 1,565,"Direct to Display (Surface  565 ,  iospbrorbit (3242) :Frame  22 :Surface  565 )"
67208177958,16651708,Display 1,568,"Direct to Display (Surface  568 ,  iospbrorbit (3242) :Frame  23 :Surface  568 )"
67224829666,16638750,Display 1,564,"Direct to Display (Surface  564 ,  iospbrorbit (3242) :Frame  24 :Surface  564 )"
67241468416,16647417,Display 1,565,"Direct to Display (Surface  565 ,  iospbrorbit (3242) :Frame  25 :Surface  565 )"
67258115833,16652917,Display 1,568,"Direct to Display (Surface  568 ,  iospbrorbit (3242) :Frame  26 :Surface  568 )"
67274768750,16643750,Display 1,564,"Direct to Display (Surface  564 ,  iospbrorbit (3242) :Frame  27 :Surface  564 )"
67291412500,16644250,Display 1,565,"Direct to Display (Surface  565 ,  iospbrorbit (3242) :Frame  28 :Surface  565 )"
67308056750,16655750,Display 1,568,"Direct to Display (Surface  568 ,  iospbrorbit (3242) :Frame  29 :Surface  568 )"
67324712500,16653666,Display 1,564,"Direct to Display (Surface  564 ,  iospbrorbit (3242) :Frame  30 :Surface  564 )"
67341366166,16641917,Display 1,565,"Direct to Display (Surface  565 ,  iospbrorbit (3242) :Frame  31 :Surface  565 )"
67358008083,16653792,Display 1,568,"Direct to Display (Surface  568 ,  iospbrorbit (3242) :Frame  32 :Surface  568 )"
67374661875,16643750,Display 1,564,"Direct to Display (Surface  564 ,  iospbrorbit (3242) :Frame  33 :Surface  564 )"
67391305625,16649125,Display 1,565,"Direct to Display (Surface  565 ,  iospbrorbit (3242) :Frame  34 :Surface  565 )"
67407954750,16652833,Display 1,568,"Direct to Display (Surface  568 ,  iospbrorbit (3242) :Frame  35 :Surface  568 )"
67424607583,16653125,Display 1,564,"Direct to Display (Surface  564 ,  iospbrorbit (3242) :Frame  36 :Surface  564 )"
67441260708,16641500,Display 1,565,"Direct to Display (Surface  565 ,  iospbrorbit (3242) :Frame  37 :Surface  565 )"
67457902208,16647542,Display 1,568,"Direct to Display (Surface  568 ,  iospbrorbit (3242) :Frame  38 :Surface  568 )"
67474549750,16648333,Display 1,564,"Direct to Display (Surface  564 ,  iospbrorbit (3242) :Frame  39 :Surface  564 )"
67491198083,16652333,Display 1,565,"Direct to Display (Surface  565 ,  iospbrorbit (3242) :Frame  40 :Surface  565 )"
67507850416,16644209,Display 1,568,"Direct to Display (Surface  568 ,  iospbrorbit (3242) :Frame  41 :Surface  568 )"
67524494625,16654875,Display 1,564,"Direct to Display (Surface  564 ,  iospbrorbit (3242) :Frame  42 :Surface  564 )"
67541149500,16640833,Display 1,565,"Direct to Display (Surface  565 ,  iospbrorbit (3242) :Frame  43 :Surface  565 )"
67557790333,16656375,Display 1,568,"Direct to Display (Surface  568 ,  iospbrorbit (3242) :Frame  44 :Surface  568 )"
67574446708,16639167,Display 1,564,"Direct to Display (Surface  564 ,  iospbrorbit (3242) :Frame  45 :Surface  564 )"
67591085875,16654041,Display 1,565,"Direct to Display (Surface  565 ,  iospbrorbit (3242) :Frame  46 :Surface  565 )"
67607739916,16642417,Display 1,568,"Direct to Display (Surface  568 ,  iospbrorbit (3242) :Frame  47 :Surface  568 )"
67624382333,16648000,Display 1,564,"Direct to Display (Surface  564 ,  iospbrorbit (3242) :Frame  48 :Surface  564 )"
67641030333,16657417,Display 1,565,"Direct to Display (Surface  565 ,  iospbrorbit (3242) :Frame  49 :Surface  565 )"
67657687750,16642791,Display 1,568,"Direct to Display (Surface  568 ,  iospbrorbit (3242) :Frame  50 :Surface  568 )"
67674330541,16641834,Display 1,564,"Direct to Display (Surface  564 ,  iospbrorbit (3242) :Frame  51 :Surface  564 )"
67690972375,16647166,Display 1,565,"Direct to Display (Surface  565 ,  iospbrorbit (3242) :Frame  52 :Surface  565 )"
67707619541,16653292,Display 1,568,"Direct to Display (Surface  568 ,  iospbrorbit (3242) :Frame  53 :Surface  568 )"
67724272833,16644500,Display 1,564,"Direct to Display (Surface  564 ,  iospbrorbit (3242) :Frame  54 :Surface  564 )"
67740917333,16641833,Display 1,565,"Direct to Display (Surface  565 ,  iospbrorbit (3242) :Frame  55 :Surface  565 )"
67757559166,16641500,Display 1,568,"Direct to Display (Surface  568 ,  iospbrorbit (3242) :Frame  56 :Surface  568 )"
67774200666,16661667,Display 1,564,"Direct to Display (Surface  564 ,  iospbrorbit (3242) :Frame  57 :Surface  564 )"
67790862333,16646750,Display 1,565,"Direct to Display (Surface  565 ,  iospbrorbit (3242) :Frame  58 :Surface  565 )"
67807509083,16646125,Display 1,568,"Direct to Display (Surface  568 ,  iospbrorbit (3242) :Frame  59 :Surface  568 )"
67824155208,16645500,Display 1,564,"Direct to Display (Surface  564 ,  iospbrorbit (3242) :Frame  60 :Surface  564 )"
67840800708,16652083,Display 1,565,"Direct to Display (Surface  565 ,  iospbrorbit (3242) :Frame  61 :Surface  565 )"
67857452791,16646542,Display 1,568,"Direct to Display (Surface  568 ,  iospbrorbit (3242) :Frame  62 :Surface  568 )"
67874099333,16645167,Display 1,564,"Direct to Display (Surface  564 ,  iospbrorbit (3242) :Frame  63 :Surface  564 )"
67890744500,16642541,Display 1,565,"Direct to Display (Surface  565 ,  iospbrorbit (3242) :Frame  64 :Surface  565 )"
67907387041,16642709,Display 1,568,"Direct to Display (Surface  568 ,  iospbrorbit (3242) :Frame  65 :Surface  568 )"
67924029750,16644083,Display 1,564,"Direct to Display (Surface  564 ,  iospbrorbit (3242) :Frame  66 :Surface  564 )"
67940673833,16653292,Display 1,565,"Direct to Display (Surface  565 ,  iospbrorbit (3242) :Frame  67 :Surface  565 )"
67957327125,16652333,Display 1,568,"Direct to Display (Surface  568 ,  iospbrorbit (3242) :Frame  68 :Surface  568 )"
67973979458,16633125,Display 1,564,"Direct to Display (Surface  564 ,  iospbrorbit (3242) :Frame  69 :Surface  564 )"
67990612583,16656042,Display 1,565,"Direct to Display (Surface  565 ,  iospbrorbit (3242) :Frame  70 :Surface  565 )"
68007268625,16640041,Display 1,568,"Direct to Display (Surface  568 ,  iospbrorbit (3242) :Frame  71 :Surface  568 )"
68023908666,16661125,Display 1,564,"Direct to Display (Surface  564 ,  iospbrorbit (3242) :Frame  72 :Surface  564 )"
68040569791,16646250,Display 1,565,"Direct to Display (Surface  565 ,  iospbrorbit (3242) :Frame  73 :Surface  565 )"
68057216041,16647709,Display 1,568,"Direct to Display (Surface  568 ,  iospbrorbit (3242) :Frame  74 :Surface  568 )"
68073863750,16640750,Display 1,564,"Direct to Display (Surface  564 ,  iospbrorbit (3242) :Frame  75 :Surface  564 )"
68090504500,16651875,Display 1,565,"Direct to Display (Surface  565 ,  iospbrorbit (3242) :Frame  76 :Surface  565 )"
68107156375,16645375,Display 1,568,"Direct to Display (Surface  568 ,  iospbrorbit (3242) :Frame  77 :Surface  568 )"
68123801750,16642291,Display 1,564,"Direct to Display (Surface  564 ,  iospbrorbit (3242) :Frame  78 :Surface  564 )"
68140444041,16647209,Display 1,565,"Direct to Display (Surface  565 ,  iospbrorbit (3242) :Frame  79 :Surface  565 )"
68157091250,16646583,Display 1,568,"Direct to Display (Surface  568 ,  iospbrorbit (3242) :Frame  80 :Surface  568 )"
68173737833,16646042,Display 1,564,"Direct to Display (Surface  564 ,  iospbrorbit (3242) :Frame  81 :Surface  564 )"
68190383875,16649458,Display 1,565,"Direct to Display (Surface  565 ,  iospbrorbit (3242) :Frame  82 :Surface  565 )"
68207033333,16644500,Display 1,568,"Direct to Display (Surface  568 ,  iospbrorbit (3242) :Frame  83 :Surface  568 )"
68223677833,16645750,Display 1,564,"Direct to Display (Surface  564 ,  iospbrorbit (3242) :Frame  84 :Surface  564 )"
68240323583,16652042,Display 1,565,"Direct to Display (Surface  565 ,  iospbrorbit (3242) :Frame  85 :Surface  565 )"
68256975625,16648166,Display 1,568,"Direct to Display (Surface  568 ,  iospbrorbit (3242) :Frame  86 :Surface  568 )"
68273623791,16641542,Display 1,564,"Direct to Display (Surface  564 ,  iospbrorbit (3242) :Frame  87 :Surface  564 )"
68290265333,16641292,Display 1,565,"Direct to Display (Surface  565 ,  iospbrorbit (3242) :Frame  88 :Surface  565 )"
68306906625,16647041,Display 1,568,"Direct to Display (Surface  568 ,  iospbrorbit (3242) :Frame  89 :Surface  568 )"
68323553666,16658500,Display 1,564,"Direct to Display (Surface  564 ,  iospbrorbit (3242) :Frame  90 :Surface  564 )"
68340212166,16647250,Display 1,565,"Direct to Display (Surface  565 ,  iospbrorbit (3242) :Frame  91 :Surface  565 )"
68356859416,16650875,Display 1,568,"Direct to Display (Surface  568 ,  iospbrorbit (3242) :Frame  92 :Surface  568 )"
68373510291,16647875,Display 1,564,"Direct to Display (Surface  564 ,  iospbrorbit (3242) :Frame  93 :Surface  564 )"
68390158166,16651542,Display 1,565,"Direct to Display (Surface  565 ,  iospbrorbit (3242) :Frame  94 :Surface  565 )"
68406809708,16638458,Display 1,568,"Direct to Display (Surface  568 ,  iospbrorbit (3242) :Frame  95 :Surface  568 )"
68423448166,16646042,Display 1,564,"Direct to Display (Surface  564 ,  iospbrorbit (3242) :Frame  96 :Surface  564 )"
68440094208,16656292,Display 1,565,"Direct to Display (Surface  565 ,  iospbrorbit (3242) :Frame  97 :Surface  565 )"
68456750500,16637333,Display 1,568,"Direct to Display (Surface  568 ,  iospbrorbit (3242) :Frame  98 :Surface  568 )"
68473387833,16650542,Display 1,564,"Direct to Display (Surface  564 ,  iospbrorbit (3242) :Frame  99 :Surface  564 )"
68490038375,16645125,Display 1,565,"Direct to Display (Surface  565 ,  iospbrorbit (3242) :Frame  100 :Surface  565 )"
68506683500,16654125,Display 1,568,"Direct to Display (Surface  568 ,  iospbrorbit (3242) :Frame  101 :Surface  568 )"
68523337625,16631250,Display 1,564,"Direct to Display (Surface  564 ,  iospbrorbit (3242) :Frame  102 :Surface  564 )"
68539968875,16653250,Display 1,565,"Direct to Display (Surface  565 ,  iospbrorbit (3242) :Frame  103 :Surface  565 )"
68556622125,16649416,Display 1,568,"Direct to Display (Surface  568 ,  iospbrorbit (3242) :Frame  104 :Surface  568 )"
68573271541,16638709,Display 1,564,"Direct to Display (Surface  564 ,  iospbrorbit (3242) :Frame  105 :Surface  564 )"
68589910250,16656375,Display 1,565,"Direct to Display (Surface  565 ,  iospbrorbit (3242) :Frame  106 :Surface  565 )"
68606566625,16648708,Display 1,568,"Direct to Display (Surface  568 ,  iospbrorbit (3242) :Frame  107 :Surface  568 )"
68623215333,16649167,Display 1,564,"Direct to Display (Surface  564 ,  iospbrorbit (3242) :Frame  108 :Surface  564 )"
68639864500,16646708,Display 1,565,"Direct to Display (Surface  565 ,  iospbrorbit (3242) :Frame  109 :Surface  565 )"
68656511208,16633958,Display 1,568,"Direct to Display (Surface  568 ,  iospbrorbit (3242) :Frame  110 :Surface  568 )"
68673145166,16646000,Display 1,564,"Direct to Display (Surface  564 ,  iospbrorbit (3242) :Frame  111 :Surface  564 )"
68689791166,16648000,Display 1,565,"Direct to Display (Surface  565 ,  iospbrorbit (3242) :Frame  112 :Surface  565 )"
68706439166,16645250,Display 1,568,"Direct to Display (Surface  568 ,  iospbrorbit (3242) :Frame  113 :Surface  568 )"
68723084416,16649834,Display 1,564,"Direct to Display (Surface  564 ,  iospbrorbit (3242) :Frame  114 :Surface  564 )"
68739734250,16641416,Display 1,565,"Direct to Display (Surface  565 ,  iospbrorbit (3242) :Frame  115 :Surface  565 )"
68756375666,16646042,Display 1,568,"Direct to Display (Surface  568 ,  iospbrorbit (3242) :Frame  116 :Surface  568 )"
68773021708,16649792,Display 1,564,"Direct to Display (Surface  564 ,  iospbrorbit (3242) :Frame  117 :Surface  564 )"
68789671500,16646250,Display 1,565,"Direct to Display (Surface  565 ,  iospbrorbit (3242) :Frame  118 :Surface  565 )"
68806317750,16639750,Display 1,568,"Direct to Display (Surface  568 ,  iospbrorbit (3242) :Frame  119 :Surface  568 )"
68822957500,16646458,Display 1,564,"Direct to Display (Surface  564 ,  iospbrorbit (3242) :Frame  120 :Surface  564 )"
68839603958,16645750,Display 1,565,"Direct to Display (Surface  565 ,  iospbrorbit (3242) :Frame  121 :Surface  565 )"
68856249708,16647375,Display 1,568,"Direct to Display (Surface  568 ,  iospbrorbit (3242) :Frame  122 :Surface  568 )"
68872897083,16655042,Display 1,564,"Direct to Display (Surface  564 ,  iospbrorbit (3242) :Frame  123 :Surface  564 )"
68889552125,16637708,Display 1,565,"Direct to Display (Surface  565 ,  iospbrorbit (3242) :Frame  124 :Surface  565 )"
68906189833,16640750,Display 1,568,"Direct to Display (Surface  568 ,  iospbrorbit (3242) :Frame  125 :Surface  568 )"
68922830583,16658125,Display 1,564,"Direct to Display (Surface  564 ,  iospbrorbit (3242) :Frame  126 :Surface  564 )"
68939488708,16645167,Display 1,565,"Direct to Display (Surface  565 ,  iospbrorbit (3242) :Frame  127 :Surface  565 )"
68956133875,16640541,Display 1,568,"Direct to Display (Surface  568 ,  iospbrorbit (3242) :Frame  128 :Surface  568 )"
68972774416,16645042,Display 1,564,"Direct to Display (Surface  564 ,  iospbrorbit (3242) :Frame  129 :Surface  564 )"
68989419458,16654750,Display 1,565,"Direct to Display (Surface  565 ,  iospbrorbit (3242) :Frame  130 :Surface  565 )"
69006074208,16635458,Display 1,568,"Direct to Display (Surface  568 ,  iospbrorbit (3242) :Frame  131 :Surface  568 )"
69022709666,16640875,Display 1,564,"Direct to Display (Surface  564 ,  iospbrorbit (3242) :Frame  132 :Surface  564 )"
69039350541,16654625,Display 1,565,"Direct to Display (Surface  565 ,  iospbrorbit (3242) :Frame  133 :Surface  565 )"
69056005166,16645917,Display 1,568,"Direct to Display (Surface  568 ,  iospbrorbit (3242) :Frame  134 :Surface  568 )"
69072651083,16641208,Display 1,564,"Direct to Display (Surface  564 ,  iospbrorbit (3242) :Frame  135 :Surface  564 )"
69089292291,16649459,Display 1,565,"Direct to Display (Surface  565 ,  iospbrorbit (3242) :Frame  136 :Surface  565 )"
69105941750,16643375,Display 1,568,"Direct to Display (Surface  568 ,  iospbrorbit (3242) :Frame  137 :Surface  568 )"
69122585125,16650041,Display 1,564,"Direct to Display (Surface  564 ,  iospbrorbit (3242) :Frame  138 :Surface  564 )"
69139235166,16655500,Display 1,565,"Direct to Display (Surface  565 ,  iospbrorbit (3242) :Frame  139 :Surface  565 )"
69155890666,16635167,Display 1,568,"Direct to Display (Surface  568 ,  iospbrorbit (3242) :Frame  140 :Surface  568 )"
69172525833,16654292,Display 1,564,"Direct to Display (Surface  564 ,  iospbrorbit (3242) :Frame  141 :Surface  564 )"
69189180125,16646583,Display 1,565,"Direct to Display (Surface  565 ,  iospbrorbit (3242) :Frame  142 :Surface  565 )"
69205826708,16647583,Display 1,568,"Direct to Display (Surface  568 ,  iospbrorbit (3242) :Frame  143 :Surface  568 )"
69222474291,16645042,Display 1,564,"Direct to Display (Surface  564 ,  iospbrorbit (3242) :Frame  144 :Surface  564 )"
69239119333,16639042,Display 1,565,"Direct to Display (Surface  565 ,  iospbrorbit (3242) :Frame  145 :Surface  565 )"
69255758375,16655125,Display 1,568,"Direct to Display (Surface  568 ,  iospbrorbit (3242) :Frame  146 :Surface  568 )"
69272413500,16647375,Display 1,564,"Direct to Display (Surface  564 ,  iospbrorbit (3242) :Frame  147 :Surface  564 )"
69289060875,16631541,Display 1,565,"Direct to Display (Surface  565 ,  iospbrorbit (3242) :Frame  148 :Surface  565 )"
69305692416,16651875,Display 1,568,"Direct to Display (Surface  568 ,  iospbrorbit (3242) :Frame  149 :Surface  568 )"
69322344291,16654584,Display 1,564,"Direct to Display (Surface  564 ,  iospbrorbit (3242) :Frame  150 :Surface  564 )"
69338998875,16646583,Display 1,565,"Direct to Display (Surface  565 ,  iospbrorbit (3242) :Frame  151 :Surface  565 )"
69355645458,16637167,Display 1,568,"Direct to Display (Surface  568 ,  iospbrorbit (3242) :Frame  152 :Surface  568 )"
69372282625,16652416,Display 1,564,"Direct to Display (Surface  564 ,  iospbrorbit (3242) :Frame  153 :Surface  564 )"
69388935041,16647375,Display 1,565,"Direct to Display (Surface  565 ,  iospbrorbit (3242) :Frame  154 :Surface  565 )"
69405582416,16647875,Display 1,568,"Direct to Display (Surface  568 ,  iospbrorbit (3242) :Frame  155 :Surface  568 )"
69422230291,16654750,Display 1,564,"Direct to Display (Surface  564 ,  iospbrorbit (3242) :Frame  156 :Surface  564 )"
69438885041,16639292,Display 1,565,"Direct to Display (Surface  565 ,  iospbrorbit (3242) :Frame  157 :Surface  565 )"
69455524333,16655292,Display 1,568,"Direct to Display (Surface  568 ,  iospbrorbit (3242) :Frame  158 :Surface  568 )"
69472179625,16645958,Display 1,564,"Direct to Display (Surface  564 ,  iospbrorbit (3242) :Frame  159 :Surface  564 )"
69488825583,16647792,Display 1,565,"Direct to Display (Surface  565 ,  iospbrorbit (3242) :Frame  160 :Surface  565 )"
69505473375,16652625,Display 1,568,"Direct to Display (Surface  568 ,  iospbrorbit (3242) :Frame  161 :Surface  568 )"
69522126000,16638500,Display 1,564,"Direct to Display (Surface  564 ,  iospbrorbit (3242) :Frame  162 :Surface  564 )"
69538764500,16652958,Display 1,565,"Direct to Display (Surface  565 ,  iospbrorbit (3242) :Frame  163 :Surface  565 )"
69555417458,16644375,Display 1,568,"Direct to Display (Surface  568 ,  iospbrorbit (3242) :Frame  164 :Surface  568 )"
69572061833,16652125,Display 1,564,"Direct to Display (Surface  564 ,  iospbrorbit (3242) :Frame  165 :Surface  564 )"
69588713958,16645417,Display 1,565,"Direct to Display (Surface  565 ,  iospbrorbit (3242) :Frame  166 :Surface  565 )"
69605359375,16636208,Display 1,568,"Direct to Display (Surface  568 ,  iospbrorbit (3242) :Frame  167 :Surface  568 )"
69621995583,16655500,Display 1,564,"Direct to Display (Surface  564 ,  iospbrorbit (3242) :Frame  168 :Surface  564 )"
69638651083,16645125,Display 1,565,"Direct to Display (Surface  565 ,  iospbrorbit (3242) :Frame  169 :Surface  565 )"
69655296208,16639792,Display 1,568,"Direct to Display (Surface  568 ,  iospbrorbit (3242) :Frame  170 :Surface  568 )"
69671936000,16658791,Display 1,564,"Direct to Display (Surface  564 ,  iospbrorbit (3242) :Frame  171 :Surface  564 )"
69688594791,16642834,Display 1,565,"Direct to Display (Surface  565 ,  iospbrorbit (3242) :Frame  172 :Surface  565 )"
69705237625,16646916,Display 1,568,"Direct to Display (Surface  568 ,  iospbrorbit (3242) :Frame  173 :Surface  568 )"
69721884541,16648250,Display 1,564,"Direct to Display (Surface  564 ,  iospbrorbit (3242) :Frame  174 :Surface  564 )"
69738532791,16642084,Display 1,565,"Direct to Display (Surface  565 ,  iospbrorbit (3242) :Frame  175 :Surface  565 )"
69755174875,16651791,Display 1,568,"Direct to Display (Surface  568 ,  iospbrorbit (3242) :Frame  176 :Surface  568 )"
69771826666,16646000,Display 1,564,"Direct to Display (Surface  564 ,  iospbrorbit (3242) :Frame  177 :Surface  564 )"
69788472666,16650000,Display 1,565,"Direct to Display (Surface  565 ,  iospbrorbit (3242) :Frame  178 :Surface  565 )"
69805122666,16650417,Display 1,568,"Direct to Display (Surface  568 ,  iospbrorbit (3242) :Frame  179 :Surface  568 )"
69821773083,16643833,Display 1,564,"Direct to Display (Surface  564 ,  iospbrorbit (3242) :Frame  180 :Surface  564 )"
69838416916,16650709,Display 1,565,"Direct to Display (Surface  565 ,  iospbrorbit (3242) :Frame  181 :Surface  565 )"
69855067625,16639041,Display 1,568,"Direct to Display (Surface  568 ,  iospbrorbit (3242) :Frame  182 :Surface  568 )"
69871706666,16650584,Display 1,564,"Direct to Display (Surface  564 ,  iospbrorbit (3242) :Frame  183 :Surface  564 )"
69888357250,16654041,Display 1,565,"Direct to Display (Surface  565 ,  iospbrorbit (3242) :Frame  184 :Surface  565 )"
69905011291,16638042,Display 1,568,"Direct to Display (Surface  568 ,  iospbrorbit (3242) :Frame  185 :Surface  568 )"
69921649333,16645167,Display 1,564,"Direct to Display (Surface  564 ,  iospbrorbit (3242) :Frame  186 :Surface  564 )"
69938294500,16652833,Display 1,565,"Direct to Display (Surface  565 ,  iospbrorbit (3242) :Frame  187 :Surface  565 )"
69954947333,16648292,Display 1,568,"Direct to Display (Surface  568 ,  iospbrorbit (3242) :Frame  188 :Surface  568 )"
69971595625,16653291,Display 1,564,"Direct to Display (Surface  564 ,  iospbrorbit (3242) :Frame  189 :Surface  564 )"
69988248916,16641500,Display 1,565,"Direct to Display (Surface  565 ,  iospbrorbit (3242) :Frame  190 :Surface  565 )"
